nombre,codigo_maestro,proveedor,articulos,con_stock,pais_maestro
TUBRICA,NVD,TUBERIAS RIGIDAS DE PVC C.A.,630,357,Venezuela
WEQUP,SAF,"DISTRIBUIDORA SANIFER, C.A",255,209,Venezuela
BEST VALUE,BES,CACO ABBO INTERNACIONAL S.A.,245,159,Panama
RALI,MEC,COMERCIAL RALI S.A.,232,182,Panama
CODIRE,COD,"CODIRE, C.A",191,137,Venezuela
BELLOTA,0B9,BAMERICA CORPORATION,188,143,Colombia
HIERRO NACIONAL,ACL,"ACEROS LAMINADOS, C.A.",185,124,Venezuela
CA MEJIA,CAM,BAMERICA CORPORATION,132,74,Colombia
REINCO,REE,REPRESENTANTES E INDUSTRIALES CONSORCIADOS C.A.,125,105,Venezuela
ICONEL,014,ALCAVE VENEZUELA C.A.,122,91,Venezuela
STANLEY,214,NINGBO TRADING INTERNATIONAL CORP. LTD,118,53,Venezuela
METALES ALEADOS,MET,METALES ALEADOS C.A.,110,79,Venezuela
SHIMAHA,LIB,LISBETH DEL CARMEN PARRA BUITRAGO,107,19,Venezuela
MANPICA,MAE,MANPICA C A,104,89,Venezuela
RCA,223,LATIN TRADING CO. S.A,99,87,China
MZL,AST,"MERCANTIL ZONA LIBRE, S.A",94,74,Venezuela
BOSCH,BAM,BAMERICA CORPORATION,92,45,Panama
SEMILIC,SEM,"GRUPO FZ, C.A.",85,73,Venezuela
FAPLAST,FPT,"FABRICA DE PLASTICOS, C.A.",83,83,Venezuela
VENCERAMICA,V91,COMPAÑIA VENEZOLANA DE CERAMICA C.A.,81,67,Venezuela
BTICINO,BRK,BAMERICA CORPORATION,81,74,Colombia
WORLD SAFETY,WST,"INDUSTRIAS WORLD SAFETY DE VENEZUELA, C.A",80,33,Venezuela
SQ,0SQ,"SPRAY QUIMICA, C.A.",76,54,Venezuela
FP,018,FUNDICION PACIFICO C.A.,73,68,Venezuela
SUPLA,SPA,"SUPLAVEN, C.A",73,50,Venezuela
BOSCH ACCESORIOS,BAM,BAMERICA CORPORATION,73,23,Panama
3M,ELI,BAMERICA CORPORATION,72,51,Venezuela
INNACO,NNA,"INDUSTRIA NACIONAL DE CONEXIONES, C.A.",65,49,Venezuela
PEDROLLO,NVD,FUNDICION PACIFICO C.A.,63,1,Italy
PCP,PCP,BAMERICA CORPORATION,62,45,Colombia
PROTONIC ELECTRIC,PR4,ALCAVE VENEZUELA C.A.,59,35,Venezuela
GDESEO,SEM,"GRUPO FZ, C.A.",58,53,Venezuela
LINCOLN,LIN,LINCOLN SOLDADURAS DE COLOMBIA LTDA,56,42,Colombia
GCP,054,"G.C.P. INVERSIONES, C.A.",55,42,Venezuela
CEBRA,CEB,CEBRA S.A,55,51,Venezuela
VICSON,VIC,VICSON S A,53,43,Venezuela
DR.CARE,DCC,"NEGOCIADORA ANMAGA, C.A.",52,41,Venezuela
INPLAVEN,TUI,INDUSTRIAS PLASTICAS VENEZOLANAS C.A,51,36,Venezuela
LOS ELEFANTES,004,ENPROPLAST CA,49,18,Venezuela
TEZZA,TEZ,BAMERICA CORPORATION,47,40,China
EINHELL,BAM,HAKKA TRADING CORP. LIMITED,44,28,Colombia
SIKA,SIK,SIKA VENEZUELA S.A.,44,37,Venezuela
EAGLE,LIQ,HARMONY INTERNATIONAL LIMITED,43,43,Costa Rica
GATER,GTR,"GATER LOCKS PANAMA, S.A.",40,26,Panama
DECOCAR,094,PLASTICOS MOLDEADOS DECOCAR C.A.,40,33,Venezuela
DERIVADOS PLASTICOS,ELI,"DERIVADOS PLASTICOS, C.A",38,30,Venezuela
HERRAGRO,HHR,NINGBO TRADING INTERNATIONAL CORP. LTD,38,22,Colombia
LIBERTYPLAS,082,LIBERTYPLAS C.A.,38,37,Venezuela
GIOLITO,AC3,"INDUSTRIAS GIOLITO,C.A.",37,27,Venezuela
GATO,IDE,BAMERICA CORPORATION,36,17,Colombia
TRICAL,TRI,TRICAL DE VENEZUELA C.A,36,26,Venezuela
TREXA,TRE,"TREXA, C. A.",35,29,Venezuela
FERMETAL,FER,"INVERSIONES 1INHVELCA, C.A.",35,33,China
RAINBOW,RAI,COMERCIAL RALI S.A.,34,29,Panama
PERFECT,OPO,"VENEZOLANA DE FERRETERÍAS VALFRECA, C.A.",33,27,Venezuela
RIDGO,WIN,RIDGO DE VENEZUELA C.A.,31,28,Venezuela
Little Trees,LTS,"NOVEDADES TEXSAL, C.A",31,0,Venezuela
CARBORUNDUM,002,INDUSTRIA DE ABRASIVOS VENEZOLANOS C.A,31,17,Venezuela
LA PALMA REAL,LPR,LA PALMA REAL C.A.,31,30,Venezuela
AVTEK,AVT,GEP  TRADING CORP,30,28,Panama
ASMACO,ASM,BAMERICA CORPORATION,30,20,United Arab Emirates
LUCERNA,ELI,"PHEBO ELECTRIC, C.A",30,23,China
PRODUSCA,PSI,PRODUCTOS DE SEGURIDAD INDUSTRIAL C A  (PRODUSCA),30,23,Venezuela
QUIMIDAL,QMD,QUIMICOLOR C A,28,12,Venezuela
SECURITY,ELI,"ARGELIA INTERNACIONAL, S.A.",28,25,Venezuela
BITUPLAST,BIT,"BITUPLAST, C.A.",28,21,Venezuela
BELL POWER,BE3,"INDUSTRIAS BELL POWER, C.A.",28,24,Venezuela
RUTEL,RUT,"ORGANIZACION RUTEL, C.A",28,19,Venezuela
HERRAJES ALFA,HAL,"HERRAJES ALFA, C.A",27,27,Venezuela
FEMOI,FEM,"CORPORACIÓN KORCLASS, C.A.",27,26,Venezuela
EL INDIO,IND,ZHUJIANG TRADING INTERNATIONAL CORP. LIMITED,26,23,China
SACO,NVD,"MAYOR FERRETERO ASTROS, C.A.",26,2,Venezuela
CELOVEN,0A7,CELOVEN C A,24,24,Venezuela
AXUM,ELI,"TODO CONSTRUCTOR VALENCIA, C.A.",23,19,China
EXCELINE,GEN,"GENTE GENERACION DE TECNOLOGIA, C.A.",23,22,Venezuela
CONGRIF,CNG,CONGRIF DE VENEZUELA COMPAÑÍA ANONIMA,21,17,Venezuela
VENCOR,VEN,"VENEZOLANA DE COBERTURAS, C. A. (VENCOR)",21,19,Venezuela
SEABOOTS,ELI,"INVERSIONES SEABOOTS, C.A",20,17,Venezuela
MAXELL,187,"MAXELL LATIN AMERICA, S.A",19,14,Venezuela
BESTWAY,HAR,HARMONY INTERNATIONAL LIMITED,19,17,China
GENERICO,NVD,"IMPORTADORA DT 3147, C.A.",19,16,Venezuela
PEGA SOLD,Q33,QUIMICAS VICTORIA C A,18,15,Venezuela
RESINCA,RES,"RESINGLAS INDUSTRIAL C A  ""RESINCA""",18,11,Venezuela
RODANOL,RDL,INDUSTRIAS RODANOL SA,18,17,Venezuela
COMBOS,BAM,,18,14,Venezuela
CORONA,0D5,"INDUSTRIAS TECNI-303, C.A.",17,16,Venezuela
TRX,TRX,"IMPORTADORA DT 3147, C.A.",17,16,Venezuela
HAKUNA MATATA,NVD,REPRESENTANTES E INDUSTRIALES CONSORCIADOS C.A.,16,5,Venezuela
CHL,CHL,"COMERCIALIZADORA H.L., C.A.",16,15,Venezuela
TH,DBT,"DISBATTERY, S.A",16,3,Venezuela
BASIC LIVING,BAM,BAMERICA CORPORATION,16,12,China
GENEMAX,GMX,"DISTRIBUIDORA SUGONEG, C.A",15,7,China
PROPULSA,OPO,"MUNDIAL ELECTRICO, C.A",15,15,Panama
FORZZAMERICA,NVD,"CORPORACION FORZZAMERICA, C.A.",15,0,Venezuela
COVALCA,CVC,HIDROCA C.A,14,13,Venezuela
QUIMICOLOR,QUI,QUIMICOLOR C A,14,13,Venezuela
MOTUL,034,NINGBO TRADING INTERNATIONAL CORP. LTD,14,7,Mexico
LINCE,BAM,HARMONY INTERNATIONAL LIMITED,13,12,Venezuela
COVER TRUCK,RUN,INDUSTRIAS RUANSA DE VENEZUELA C.A.,12,10,Venezuela
SPLACA,SPC,"MULTI SPLACA, C.A.",12,12,Venezuela
VENA-ORIENTE,008,"FABRICA DE CABOS PARA HERRAMIENTAS DE LUCA, C.A.",12,10,Venezuela
OXINET,OXI,INDUSTRIAS OXI-NET CA,12,10,Venezuela
ABILPLAS,ABI,DISTRIBUIDORA ABILENE C.A.,12,10,Venezuela
ACERO FEBECA,ACR,NINGBO TRADING INTERNATIONAL CORP. LTD,12,11,China
AQUA NOVA,996,BAMERICA CORPORATION,11,11,China
PREMIER PLUS,002,SAINT GOBAIN ABRASIVOS C.A,11,8,Venezuela
ALADINO,ALD,FABRICA DE ESCALERAS ALADINO C.A.,10,9,Venezuela
MAPEI,PEI,"ALFA INGENIERIA & SERVICIOS, C.A",10,8,Venezuela
DALCA,DAL,"D.A.L., C.A ""DALCA""",10,9,Venezuela
ELECTRONICS,123,"COMERCIALIZADORA ROMA 2021, C.A",9,6,Venezuela
DISORCA,LIM,DISORCA C A,9,9,Venezuela
WD-40,WD4,"NOVEDADES TEXSAL, C.A",9,8,Venezuela
MA TOOLS,OPO,"DISTRIBUIDORA SANPON, C.A.",9,9,China
WALVEN,LLU,"REPRESENTACIONES WALVEN 3006, C.A",9,9,Venezuela
SUFEIN,ELI,SUMINISTROS FERRETEROS IN C.A,8,6,Venezuela
MOTINDUSTRIA,NVD,"MOTINDUSTRIA, C.A.",8,0,Venezuela
NUMED8,OPO,TWU LATIN CORP,8,7,China
MAJIC,OPO,HARMONY INTERNATIONAL LIMITED,8,8,China
TUBO CORRUGADO,0D2,"TUBOFLEX, C.A.",8,4,Venezuela
W&W,OJO,"WIN & WIN, C.A",8,7,Venezuela
LOFRAMA,AAA,"FABRICA LOFRAMA, C.A.",7,7,Venezuela
CHESTERWOOD,OPO,"CORPORACION FERRENMAX, C.A.",7,7,Venezuela
FibroTextil,PSS,C.A. FIBRO TEXTIL DEL ESTADO LARA,7,6,Venezuela
NORTON,002,INDUSTRIA DE ABRASIVOS VENEZOLANOS C.A,7,7,Germany
ZETA,ZET,"ZETA IMPORT,C.A.",7,6,Venezuela
TEKBOND,TEK,INDUSTRIA DE ABRASIVOS VENEZOLANOS C.A,7,6,Venezuela
UNION-K,KDP,DISTRIBUIDORA EL KIT DEL PINTOR C.A,6,3,Venezuela
SEGURIMAX,OPO,HARMONY INTERNATIONAL LIMITED,6,6,China
VALVTECH,ELI,"IHS DE VENEZUELA, C.A",6,6,Venezuela
NEO PLAST,PNO,"PLASTICOS NEOMAR 2024, C.A.",6,6,Venezuela
BLUE DREAMS,ELI,METALES ALEADOS C.A.,6,6,Venezuela
INFINITY,CAP,"CORPORACION AMERICAN PARTS, C.A.",6,0,Venezuela
CSC,CSC,"VENEZOLANA DE CEMENTOS, S.A.C.A",6,4,Venezuela
CHAMPION,SUS,UNITED CHEMICAL PACKAGING C.A.,6,5,Venezuela
RECORD,SUS,"FANAMETAL,  C.A.",6,0,Venezuela
TAURO,0C9,INDUSTRIAS TAURO C.A.,5,5,Venezuela
SPEED EXPRESS,SPE,DISTRIBUIDORA SPEED EXPRESS C.A.,5,5,Venezuela
PLASTICO DE EMPAQUE,003,"PLASTICOS DE EMPAQUE, C.A.",5,4,Venezuela
ORTIOKA,NVD,"ORLANDO JOSE ORTIZ CHACON , ( SEMIVEN ORTIZ, F.P )",5,5,Venezuela
PEGAMIX,175,"INDUFERCA, C.A.",5,5,Venezuela
PROTONIC,OPO,"DISTRIBUIDORA AALD, C.A",5,5,China
METCO,TOD,"TODO CONSTRUCTOR VALENCIA, C.A.",5,4,Venezuela
MOTORCRAFT,AUM,AUTOMUNDIAL S.A,5,2,Mexico
ERA,TRX,"IMPORTADORA DT 3147, C.A.",5,5,Venezuela
"INVERSIONES SUAREZ, C.A.",SUA,"INVERSIONES SUAREZ ESC, C.A.",5,4,Venezuela
Flex Seal,FSL,"NOVEDADES TEXSAL, C.A",5,4,Venezuela
PORTER CABLE,NVD,BAMERICA CORPORATION,5,2,Venezuela
BAMERICA,OPO,"DISTRIBUIDORA AALD, C.A",5,5,China
ASTROS,OPO,"MAYOR FERRETERO ASTROS, C.A.",5,5,Venezuela
CAZ,SUS,"BALANZAS Y ROMANAS CAZ, C.A.",5,2,Venezuela
SOLUPLASTI,ELI,"SOLUPLASTI, C.A.",4,1,Venezuela
JOMOO,ELI,"IMPORTADORA DT 3147, C.A.",4,4,Venezuela
BONIFICACIONES-FLETES-DEBITO,NVD,,4,0,Venezuela
CABLESCA,CAB,"CABLESCA, CABLES ESPECIALES C.A.",4,4,Venezuela
EVERGREEN,SUP,SUPLIDORA DEL CAMPO C.A.,4,4,Venezuela
COMFORT ZONE,TGR,HARMONY INTERNATIONAL LIMITED,4,4,Costa Rica
PHILIPS,OPO,"INVERSIONES PROMES, S. A.",4,4,China
SPRAYER,LIQ,MAY'S ZONA LIBRE S.A.,4,4,Venezuela
VIETVEN,TRX,"IMPORTADORA DT 3147, C.A.",4,4,Venezuela
TOOLCRAFT,LIQ,HARMONY INTERNATIONAL LIMITED,4,4,Costa Rica
SPEED,ELI,"IMPORTADORA Y DISTRIBUIDORA SEA,C.A.",4,4,Venezuela
WELDTECH,ELI,"STAR GAS,C.A.",4,4,Venezuela
BRUGMANN,OPO,"ORGILL, INC",3,3,China
ECO,OPO,"ORUS GRUPO EMPRESARIAL, C.A.",3,2,Venezuela
COVISOL,ELI,CRUZSALUD C.A.,3,3,Venezuela
HERCULES,NVD,"NOBLE TESLA, C.A",3,3,Venezuela
YALE,YAL,HARMONY INTERNATIONAL LIMITED,3,3,China
YANYUN,YAN,WARMSMITH INDUSTRIES PTE. LTD.,3,3,China
VENSOL,NVD,"PRODUCTOS ARCA 2723, C.A.",3,1,Venezuela
PONI,POI,INVERSIONES MK45 C.A,3,3,Venezuela
OATEY,NVD,BAMERICA CORPORATION,3,0,Mexico
PIONERA,AA1,"CAVEGAS, C.A.",3,2,Venezuela
TUCSON TOOLS,ELI,"ACEMETAL, C.A.",3,3,Venezuela
VENEZOLANA DE ESTOPAS,109,"VENEZOLANA DE ESTOPAS, C.A.",3,3,Venezuela
GYMBOPRO,BAM,BAMERICA CORPORATION,3,3,China
IDHEA,NVD,"COMERCIALIZADORA IDHEA, C.A",2,1,China
LENOX,SAW,NINGBO TRADING INTERNATIONAL CORP. LTD,2,2,Venezuela
IRWIN,214,NINGBO TRADING INTERNATIONAL CORP. LTD,2,2,United States
FISHER PIERCE OLC,ZET,"ZETA IMPORT,C.A.",2,2,China
OXFORD,OXF,"FERRE HOGAR Y TECHOS, C.A.",2,0,Venezuela
SB,NVD,"WORLD CHEMICAL DE VENEZUELA, C.A.",2,0,Venezuela
VISOCA,0D3,"CORPORACION VISOCA, C.A (CORPORACION VISOCA, C.A)",2,2,Venezuela
TECNICA MONTE BLANCO,ELI,TECNICA MONTE BLANCO C.A.,2,0,Venezuela
SCORPIO,NVD,"SCORPIO 71, C.A.",2,0,Chile
SCORPIONS,NVD,"DISTRIBUIDORA ROAD RUNNER, C.A",2,0,China
SMARTLOCK,GTR,"GATER LOCKS PANAMA, S.A.",2,2,Panama
SCHNEIDER,ELI,"IMPORTADORA TRX 9080, C.A.",2,2,Venezuela
VICTOR,AAA,"ORGILL, INC",2,0,United States
PERFECTWELD,NVD,"STAR GAS,C.A.",2,2,Venezuela
INDUCAL,INL,"INDUCAL BARQUISIMETO, C.A.",2,2,Venezuela
Pegoutil,PGU,"PEGAMENTOS UTILES DE VENEZUELA, C.A",2,2,Venezuela
MASTER LONA,MTL,"BEVAL, C.A.",2,2,Venezuela
LT,ELI,"INVERSIONES LT IMPORT, C.A.",2,0,Venezuela
MOSERPLAS,MOR,"MOSERPLAS, C.A.",2,2,Venezuela
METALZAMORA,OPO,"CORPORACION METALMECANICA Y DE SERVICIO MIXTO AGROMETALVEN, C.A",2,2,Venezuela
CASTIC,CTI,"GRUPO ALKABUS, C.A",2,2,Venezuela
CIMSA,0D3,4SA IMPORTACIONES C.A,2,2,Venezuela
BIC,SNZ,"SANOZ DE VENEZUELA, C.A",2,2,Venezuela
ATRIA,ATR,PEGATODO ATRIA C A,2,2,Venezuela
AMA,ELI,INVERSIONES DTCG C.A,2,2,Venezuela
ALFACERO,ALH,ALFACERO HUAL C.A.,2,0,Venezuela
AGE USA,ELI,AGRONEGOCIOS LATINOS CA,2,2,Venezuela
3-En-Uno,NVD,"NOVEDADES TEXSAL, C.A",2,1,Venezuela
GENERAL ELECTRIC,ELI,"INVERSIONES PROMES, S. A.",2,1,United States
BELDEN,NVD,"CABELEC 168, C.A.",1,0,Venezuela
AFO,LD1,"COMERCIALIZADORA E IMPORTADORA MERAKI, C.A",1,1,Venezuela
BELLOTA META,NVD,,1,0,Venezuela
BRIDGE,BRD,"IMPORTADORA DT 3147, C.A.",1,1,Venezuela
BRICOPRO,NVD,BRICO PRODUCTS DE VENEZUELA C.A.,1,1,
COBRA,TPE,"INVERSIONES 1INHVELCA, C.A.",1,1,China
CLASSIC LUX,102,"DISTRIBUIDORA DE LINEAS, DILISA, S.A",1,0,Venezuela
LINCE PRO,ELI,"MUNDIAL ELECTRICO, C.A",1,0,Venezuela
KORONA,KRN,"INVERSIONES XIMA, C.A",1,1,China
JUGUE-WORLD,NVD,"SILLACA, C.A.",1,1,Venezuela
KALE,NVD,"GRUPO SUNNY, C.A.",1,0,Venezuela
GENERICO MEGAGREY,GMG,"BEVAL, C.A.",1,1,Venezuela
EXTRA COLOMBIA,0D3,"FERRECONSTRUCCIONES QUINTERO 2002,CA",1,1,Venezuela
FACE SHIELD,NVD,"DISTRIBUIDORA GRM 2612, C.A",1,0,Venezuela
FRANZ VIEGENER,NVD,COMPAÑIA VENEZOLANA DE CERAMICA C.A.,1,1,Venezuela
DECOGLASS,IAC,,1,0,Venezuela
ARGOS,AGO,"UB DISTRIBUCIONES, C.A.",1,1,Venezuela
MARFIL,0D3,"DISTRIBUIDORA TRIBECA, C.A.",1,1,Venezuela
MONART,HTL,MARA GROUP (MARA GROUP),1,1,Venezuela
OPORTUNIDAD,OPO,"RED & RED DISTRIBUCION Y SERVICIOS, C.A",1,1,Venezuela
MULTIPRENS,MU3,"DISTRIBUIDORA JOGA27, C.A.",1,1,Venezuela
PANORAMA,NVD,"INVERSIONES PANORAMA 2000, C.A.",1,1,Venezuela
MAX MOTOR,NVD,MAY'S ZONA LIBRE S.A.,1,1,Costa Rica
RALED,RAL,COMERCIAL RALI S.A.,1,1,Panama
PROMAKER,NVD,,1,1,Venezuela
PROPAINT,NVD,,1,1,Venezuela
PEGAS HERCULES,SUS,"PEGAS ""HERCULES"" C.A.",1,1,Venezuela
PENS,NVD,GRUPO EMPRESARIAL A&A INTERNATIONAL S.A,1,0,Mexico
PEGOFLEX,ELI,"INDUSTRIAS GREMA, C.A.",1,1,Venezuela
PERMAFLEX,NVD,"GB GROUP, C.A.",1,1,Venezuela
PIRAMIDE,0D3,"FERRECONSTRUCCIONES QUINTERO 2002,CA",1,1,Venezuela
NEX,NVD,"INVERSIONES PGR, C.A.",1,0,China
STAR JET,NVD,"CAVEGAS, C.A.",1,0,Venezuela
SICA,NVD,"IMPORTADORA DT 3147, C.A.",1,1,Venezuela
SIEMENS,OPO,,1,1,Brasil
VERT,NVD,"BELMENY GROUP, C.A",1,1,China
Veta,NVD,"PVSOL VENEZUELA, C.A",1,1,Venezuela
YOKATA,YOK,"YOKATA IMPORT, C.A.",1,1,Venezuela
ZAFIRO,ZAF,"FERREINDUSTRIAL LA CRUZ, C.A.",1,1,Venezuela
